Issue ID,Description,State,Severity,Story Points,Project Path,Location Kind,Path,Line,Column,Incident ID,Help Link,Assembly Name,Assembly Version,Assembly Public Key,Snippet
NuGet.0002,NuGet package upgrade is recommended,Active,Potential,1,Abstractions\Example.Api.Abstractions.csproj,File,Abstractions\Example.Api.Abstractions.csproj,,,Microsoft.Extensions.Configuration.Abstractions 8.0.0,,,,,"Microsoft.Extensions.Configuration.Abstractions, 8.0.0  Recommendation:  Remove Microsoft.Extensions.Configuration.Abstractions, and replace with new package Microsoft.Extensions.Configuration.Abstractions 10.0.3"
NuGet.0002,NuGet package upgrade is recommended,Active,Potential,1,Abstractions\Example.Api.Abstractions.csproj,File,Abstractions\Example.Api.Abstractions.csproj,,,Microsoft.Extensions.DependencyInjection.Abstractions 8.0.1,,,,,"Microsoft.Extensions.DependencyInjection.Abstractions, 8.0.1  Recommendation:  Remove Microsoft.Extensions.DependencyInjection.Abstractions, and replace with new package Microsoft.Extensions.DependencyInjection.Abstractions 10.0.3"
NuGet.0002,NuGet package upgrade is recommended,Active,Potential,1,Abstractions\Example.Api.Abstractions.csproj,File,Abstractions\Example.Api.Abstractions.csproj,,,Microsoft.Extensions.Logging.Abstractions 8.0.1,,,,,"Microsoft.Extensions.Logging.Abstractions, 8.0.1  Recommendation:  Remove Microsoft.Extensions.Logging.Abstractions, and replace with new package Microsoft.Extensions.Logging.Abstractions 10.0.3"
NuGet.0002,NuGet package upgrade is recommended,Active,Potential,1,Abstractions\Example.Api.Abstractions.csproj,File,Abstractions\Example.Api.Abstractions.csproj,,,Newtonsoft.Json 13.0.3,,,,,"Newtonsoft.Json, 13.0.3  Recommendation:  Remove Newtonsoft.Json, and replace with new package Newtonsoft.Json 13.0.4"
NuGet.0006,NuGet package source mappings are recommended,Active,Information,1,Abstractions\Example.Api.Abstractions.csproj,File,NuGet.config,,,,,,,,Found 1 files matching the rule:    NuGet.config  
NuGet.0005,NuGet package is deprecated,Active,Optional,1,Abstractions\Example.Api.Abstractions.csproj,File,Abstractions\Example.Api.Abstractions.csproj,,,Microsoft.AspNetCore.Mvc.Core 2.2.5,,,,,"Microsoft.AspNetCore.Mvc.Core, 2.2.5  Recommendation:  This package has been deprecated as part of the .NET Package Deprecation effort. You can learn more about it from https://github.com/dotnet/announcements/issues/217 Remove Microsoft.AspNetCore.Mvc.Core, and replace with new package Microsoft.AspNetCore.Mvc.Core, 2.3.9"
NuGet.0005,NuGet package is deprecated,Active,Optional,1,Abstractions\Example.Api.Abstractions.csproj,File,Abstractions\Example.Api.Abstractions.csproj,,,System.IdentityModel.Tokens.Jwt 7.6.2,,,,,"System.IdentityModel.Tokens.Jwt, 7.6.2  Recommendation:  Move to latest https://aka.ms/IdentityModel/LTS Remove System.IdentityModel.Tokens.Jwt, and replace with new package System.IdentityModel.Tokens.Jwt, 8.16.0"
Project.0002,Project's target framework(s) needs to be changed,Active,Mandatory,1,Abstractions\Example.Api.Abstractions.csproj,File,Abstractions\Example.Api.Abstractions.csproj,,,,,,,,Current target framework: net9.0 Recommended target framework: net10.0
Api.0001,Binary incompatible for selected .NET version,Active,Mandatory,1,Abstractions\Example.Api.Abstractions.csproj,File,Abstractions\Interfaces\Adapters\IJwtAdapter.cs,6,1,T:System.IdentityModel.Tokens.Jwt.JwtSecurityToken,,,,," bool ValidateJwt(string? token, out JwtSecurityToken? validatedToken)"
Api.0001,Binary incompatible for selected .NET version,Active,Mandatory,1,Abstractions\Example.Api.Abstractions.csproj,File,Abstractions\Interfaces\Services\IAuthenticationService.cs,6,1,T:System.IdentityModel.Tokens.Jwt.JwtSecurityToken,,,,," bool ValidateJwt(string? token, out JwtSecurityToken? validatedToken)"
Api.0003,Behavioral change in selected .NET version,Active,Potential,1,Abstractions\Example.Api.Abstractions.csproj,File,Abstractions\Common\Technical\Tracing\Base\TracingContext.cs,23,2,"M:System.Diagnostics.ActivitySource.StartActivity(System.String,System.Diagnostics.ActivityKind)",,,,,"var activity = source.StartActivity($""{@class}.{method}"");"
NuGet.0006,NuGet package source mappings are recommended,Active,Information,1,Db\Example.Api.Adapters.Mongo.csproj,File,NuGet.config,,,,,,,,Found 1 files matching the rule:    NuGet.config  
Project.0002,Project's target framework(s) needs to be changed,Active,Mandatory,1,Db\Example.Api.Adapters.Mongo.csproj,File,Db\Example.Api.Adapters.Mongo.csproj,,,,,,,,Current target framework: net9.0 Recommended target framework: net10.0
Api.0001,Binary incompatible for selected .NET version,Active,Mandatory,1,Db\Example.Api.Adapters.Mongo.csproj,File,Db\Injections\MongoAdapterModule.cs,12,2,T:Microsoft.Extensions.DependencyInjection.ServiceCollectionExtensions,,,,,"services.Scan(scan => scan  			.FromAssemblyOf<MongoAdapterModule>()  			.AddClasses(classes => classes.InNamespaces(baseNamespace + "".Repositories""))  			.AsImplementedInterfaces()  			.WithSingletonLifetime()  		);"
NuGet.0002,NuGet package upgrade is recommended,Active,Potential,1,Rest\Example.Api.Adapters.Rest.csproj,File,Rest\Example.Api.Adapters.Rest.csproj,,,Microsoft.Extensions.Configuration.Binder 8.0.1,,,,,"Microsoft.Extensions.Configuration.Binder, 8.0.1  Recommendation:  Remove Microsoft.Extensions.Configuration.Binder, and replace with new package Microsoft.Extensions.Configuration.Binder 10.0.3"
NuGet.0002,NuGet package upgrade is recommended,Active,Potential,1,Rest\Example.Api.Adapters.Rest.csproj,File,Rest\Example.Api.Adapters.Rest.csproj,,,Microsoft.Extensions.Http 8.0.0,,,,,"Microsoft.Extensions.Http, 8.0.0  Recommendation:  Remove Microsoft.Extensions.Http, and replace with new package Microsoft.Extensions.Http 10.0.3"
NuGet.0002,NuGet package upgrade is recommended,Active,Potential,1,Rest\Example.Api.Adapters.Rest.csproj,File,Rest\Example.Api.Adapters.Rest.csproj,,,Newtonsoft.Json 13.0.3,,,,,"Newtonsoft.Json, 13.0.3  Recommendation:  Remove Newtonsoft.Json, and replace with new package Newtonsoft.Json 13.0.4"
NuGet.0003,NuGet package functionality is included with framework reference,Active,Mandatory,1,Rest\Example.Api.Adapters.Rest.csproj,File,Rest\Example.Api.Adapters.Rest.csproj,,,System.ComponentModel.Annotations 5.0.0,,,,,"System.ComponentModel.Annotations, 5.0.0  Recommendation:  Package functionality included with new framework reference"
NuGet.0003,NuGet package functionality is included with framework reference,Active,Mandatory,1,Rest\Example.Api.Adapters.Rest.csproj,File,Rest\Example.Api.Adapters.Rest.csproj,,,System.Net.Http 4.3.4,,,,,"System.Net.Http, 4.3.4  Recommendation:  Package functionality included with new framework reference"
NuGet.0006,NuGet package source mappings are recommended,Active,Information,1,Rest\Example.Api.Adapters.Rest.csproj,File,NuGet.config,,,,,,,,Found 1 files matching the rule:    NuGet.config  
Project.0002,Project's target framework(s) needs to be changed,Active,Mandatory,1,Rest\Example.Api.Adapters.Rest.csproj,File,Rest\Example.Api.Adapters.Rest.csproj,,,,,,,,Current target framework: net9.0 Recommended target framework: net10.0
Api.0001,Binary incompatible for selected .NET version,Active,Mandatory,1,Rest\Example.Api.Adapters.Rest.csproj,File,Rest\Injections\RestAdapterModule.cs,18,2,T:Microsoft.Extensions.DependencyInjection.ServiceCollectionExtensions,,,,,services.Scan(s => s.FromAssemblyOf<RestAdapterModule>()  			.AddClasses(c => c.InNamespaceOf<JwtAdapter>())  			.AsImplementedInterfaces()  			.WithSingletonLifetime()  		);
Api.0003,Behavioral change in selected .NET version,Active,Potential,1,Rest\Example.Api.Adapters.Rest.csproj,File,Rest\Injections\RestAdapterModule.cs,16,60,T:System.Uri,,,,,client.BaseAddress = new Uri(conf.Authentication);
Api.0003,Behavioral change in selected .NET version,Active,Potential,1,Rest\Example.Api.Adapters.Rest.csproj,File,Rest\Injections\RestAdapterModule.cs,16,60,M:System.Uri.#ctor(System.String),,,,,client.BaseAddress = new Uri(conf.Authentication);
Api.0003,Behavioral change in selected .NET version,Active,Potential,1,Rest\Example.Api.Adapters.Rest.csproj,File,Rest\Injections\RestAdapterModule.cs,16,60,T:System.Uri,,,,,client.BaseAddress = new Uri(conf.Authentication);
Api.0001,Binary incompatible for selected .NET version,Active,Mandatory,1,Rest\Example.Api.Adapters.Rest.csproj,File,Rest\Adapters\JwtAdapter.cs,23,5,T:System.IdentityModel.Tokens.Jwt.JwtSecurityToken,,,,,"public bool ValidateJwt(string? token, out JwtSecurityToken? validatedToken)"
Api.0001,Binary incompatible for selected .NET version,Active,Mandatory,1,Rest\Example.Api.Adapters.Rest.csproj,File,Rest\Adapters\JwtAdapter.cs,39,7,"M:System.IdentityModel.Tokens.Jwt.JwtSecurityTokenHandler.ValidateToken(System.String,Microsoft.IdentityModel.Tokens.TokenValidationParameters,Microsoft.IdentityModel.Tokens.SecurityToken@)",,,,,"tokenHandler.ValidateToken(token, new TokenValidationParameters      			{      				ValidateIssuerSigningKey = true,      				IssuerSigningKey = _publicKey,      				ValidateIssuer = false,      				ValidateAudience = false,      				ClockSkew = TimeSpan.Zero      			}, out var securityToken);"
Api.0001,Binary incompatible for selected .NET version,Active,Mandatory,1,Rest\Example.Api.Adapters.Rest.csproj,File,Rest\Adapters\JwtAdapter.cs,35,6,T:System.IdentityModel.Tokens.Jwt.JwtSecurityTokenHandler,,,,,var tokenHandler = new JwtSecurityTokenHandler();
Api.0001,Binary incompatible for selected .NET version,Active,Mandatory,1,Rest\Example.Api.Adapters.Rest.csproj,File,Rest\Adapters\JwtAdapter.cs,35,6,M:System.IdentityModel.Tokens.Jwt.JwtSecurityTokenHandler.#ctor,,,,,var tokenHandler = new JwtSecurityTokenHandler();
Api.0003,Behavioral change in selected .NET version,Active,Potential,1,Rest\Example.Api.Adapters.Rest.csproj,File,Rest\Connected Services\AuthenticationApi\AuthenticationApi.cs,1505,20,T:System.Net.Http.HttpContent,,,,,"using (var responseStream = await response.Content.ReadAsStreamAsync().ConfigureAwait(false))                      using (var streamReader = new System.IO.StreamReader(responseStream))                      using (var jsonTextReader = new Newtonsoft.Json.JsonTextReader(streamReader))                      {                          var serializer = Newtonsoft.Json.JsonSerializer.Create(JsonSerializerSettings);                          var typedBody = serializer.Deserialize<T>(jsonTextReader);                          return new ObjectResponseResult<T>(typedBody!, string.Empty);                      }"
Api.0003,Behavioral change in selected .NET version,Active,Potential,1,Rest\Example.Api.Adapters.Rest.csproj,File,Rest\Connected Services\AuthenticationApi\AuthenticationApi.cs,1505,20,M:System.Net.Http.HttpContent.ReadAsStreamAsync,,,,,"using (var responseStream = await response.Content.ReadAsStreamAsync().ConfigureAwait(false))                      using (var streamReader = new System.IO.StreamReader(responseStream))                      using (var jsonTextReader = new Newtonsoft.Json.JsonTextReader(streamReader))                      {                          var serializer = Newtonsoft.Json.JsonSerializer.Create(JsonSerializerSettings);                          var typedBody = serializer.Deserialize<T>(jsonTextReader);                          return new ObjectResponseResult<T>(typedBody!, string.Empty);                      }"
Api.0003,Behavioral change in selected .NET version,Active,Potential,1,Rest\Example.Api.Adapters.Rest.csproj,File,Rest\Connected Services\AuthenticationApi\AuthenticationApi.cs,1489,16,T:System.Net.Http.HttpContent,,,,,var responseText = await response.Content.ReadAsStringAsync().ConfigureAwait(false);
Api.0003,Behavioral change in selected .NET version,Active,Potential,1,Rest\Example.Api.Adapters.Rest.csproj,File,Rest\Connected Services\AuthenticationApi\AuthenticationApi.cs,1482,12,T:System.Net.Http.HttpContent,,,,,"if (response == null || response.Content == null)              {                  return new ObjectResponseResult<T>(default(T)!, string.Empty);              }"
Api.0003,Behavioral change in selected .NET version,Active,Potential,1,Rest\Example.Api.Adapters.Rest.csproj,File,Rest\Connected Services\AuthenticationApi\AuthenticationApi.cs,1447,28,T:System.Net.Http.HttpContent,,,,,var responseData_ = response_.Content == null ? null : await response_.Content.ReadAsStringAsync().ConfigureAwait(false);
Api.0003,Behavioral change in selected .NET version,Active,Potential,1,Rest\Example.Api.Adapters.Rest.csproj,File,Rest\Connected Services\AuthenticationApi\AuthenticationApi.cs,1447,28,T:System.Net.Http.HttpContent,,,,,var responseData_ = response_.Content == null ? null : await response_.Content.ReadAsStringAsync().ConfigureAwait(false);
Api.0003,Behavioral change in selected .NET version,Active,Potential,1,Rest\Example.Api.Adapters.Rest.csproj,File,Rest\Connected Services\AuthenticationApi\AuthenticationApi.cs,1429,28,T:System.Net.Http.HttpContent,,,,,foreach (var item_ in response_.Content.Headers)                                  headers_[item_.Key] = item_.Value;
Api.0003,Behavioral change in selected .NET version,Active,Potential,1,Rest\Example.Api.Adapters.Rest.csproj,File,Rest\Connected Services\AuthenticationApi\AuthenticationApi.cs,1427,24,T:System.Net.Http.HttpContent,,,,,if (response_.Content != null && response_.Content.Headers != null)                          {                              foreach (var item_ in response_.Content.Headers)                                  headers_[item_.Key] = item_.Value;                          }
Api.0003,Behavioral change in selected .NET version,Active,Potential,1,Rest\Example.Api.Adapters.Rest.csproj,File,Rest\Connected Services\AuthenticationApi\AuthenticationApi.cs,1427,24,T:System.Net.Http.HttpContent,,,,,if (response_.Content != null && response_.Content.Headers != null)                          {                              foreach (var item_ in response_.Content.Headers)                                  headers_[item_.Key] = item_.Value;                          }
Api.0003,Behavioral change in selected .NET version,Active,Potential,1,Rest\Example.Api.Adapters.Rest.csproj,File,Rest\Connected Services\AuthenticationApi\AuthenticationApi.cs,1418,20,T:System.Uri,,,,,"request_.RequestUri = new System.Uri(url_, System.UriKind.RelativeOrAbsolute);"
Api.0003,Behavioral change in selected .NET version,Active,Potential,1,Rest\Example.Api.Adapters.Rest.csproj,File,Rest\Connected Services\AuthenticationApi\AuthenticationApi.cs,1418,20,"M:System.Uri.#ctor(System.String,System.UriKind)",,,,,"request_.RequestUri = new System.Uri(url_, System.UriKind.RelativeOrAbsolute);"
Api.0003,Behavioral change in selected .NET version,Active,Potential,1,Rest\Example.Api.Adapters.Rest.csproj,File,Rest\Connected Services\AuthenticationApi\AuthenticationApi.cs,1418,20,T:System.Uri,,,,,"request_.RequestUri = new System.Uri(url_, System.UriKind.RelativeOrAbsolute);"
Api.0003,Behavioral change in selected .NET version,Active,Potential,1,Rest\Example.Api.Adapters.Rest.csproj,File,Rest\Connected Services\AuthenticationApi\AuthenticationApi.cs,1411,20,T:System.Net.Http.HttpContent,,,,,"request_.Content = new System.Net.Http.StringContent(string.Empty, System.Text.Encoding.UTF8, ""application/json"");"
Api.0003,Behavioral change in selected .NET version,Active,Potential,1,Rest\Example.Api.Adapters.Rest.csproj,File,Rest\Connected Services\AuthenticationApi\AuthenticationApi.cs,1376,28,T:System.Net.Http.HttpContent,,,,,var responseData_ = response_.Content == null ? null : await response_.Content.ReadAsStringAsync().ConfigureAwait(false);
Api.0003,Behavioral change in selected .NET version,Active,Potential,1,Rest\Example.Api.Adapters.Rest.csproj,File,Rest\Connected Services\AuthenticationApi\AuthenticationApi.cs,1376,28,T:System.Net.Http.HttpContent,,,,,var responseData_ = response_.Content == null ? null : await response_.Content.ReadAsStringAsync().ConfigureAwait(false);
Api.0003,Behavioral change in selected .NET version,Active,Potential,1,Rest\Example.Api.Adapters.Rest.csproj,File,Rest\Connected Services\AuthenticationApi\AuthenticationApi.cs,1358,28,T:System.Net.Http.HttpContent,,,,,foreach (var item_ in response_.Content.Headers)                                  headers_[item_.Key] = item_.Value;
Api.0003,Behavioral change in selected .NET version,Active,Potential,1,Rest\Example.Api.Adapters.Rest.csproj,File,Rest\Connected Services\AuthenticationApi\AuthenticationApi.cs,1356,24,T:System.Net.Http.HttpContent,,,,,if (response_.Content != null && response_.Content.Headers != null)                          {                              foreach (var item_ in response_.Content.Headers)                                  headers_[item_.Key] = item_.Value;                          }
Api.0003,Behavioral change in selected .NET version,Active,Potential,1,Rest\Example.Api.Adapters.Rest.csproj,File,Rest\Connected Services\AuthenticationApi\AuthenticationApi.cs,1356,24,T:System.Net.Http.HttpContent,,,,,if (response_.Content != null && response_.Content.Headers != null)                          {                              foreach (var item_ in response_.Content.Headers)                                  headers_[item_.Key] = item_.Value;                          }
Api.0003,Behavioral change in selected .NET version,Active,Potential,1,Rest\Example.Api.Adapters.Rest.csproj,File,Rest\Connected Services\AuthenticationApi\AuthenticationApi.cs,1347,20,T:System.Uri,,,,,"request_.RequestUri = new System.Uri(url_, System.UriKind.RelativeOrAbsolute);"
Api.0003,Behavioral change in selected .NET version,Active,Potential,1,Rest\Example.Api.Adapters.Rest.csproj,File,Rest\Connected Services\AuthenticationApi\AuthenticationApi.cs,1347,20,"M:System.Uri.#ctor(System.String,System.UriKind)",,,,,"request_.RequestUri = new System.Uri(url_, System.UriKind.RelativeOrAbsolute);"
Api.0003,Behavioral change in selected .NET version,Active,Potential,1,Rest\Example.Api.Adapters.Rest.csproj,File,Rest\Connected Services\AuthenticationApi\AuthenticationApi.cs,1347,20,T:System.Uri,,,,,"request_.RequestUri = new System.Uri(url_, System.UriKind.RelativeOrAbsolute);"
Api.0003,Behavioral change in selected .NET version,Active,Potential,1,Rest\Example.Api.Adapters.Rest.csproj,File,Rest\Connected Services\AuthenticationApi\AuthenticationApi.cs,1307,28,T:System.Net.Http.HttpContent,,,,,var responseData_ = response_.Content == null ? null : await response_.Content.ReadAsStringAsync().ConfigureAwait(false);
Api.0003,Behavioral change in selected .NET version,Active,Potential,1,Rest\Example.Api.Adapters.Rest.csproj,File,Rest\Connected Services\AuthenticationApi\AuthenticationApi.cs,1307,28,T:System.Net.Http.HttpContent,,,,,var responseData_ = response_.Content == null ? null : await response_.Content.ReadAsStringAsync().ConfigureAwait(false);
Api.0003,Behavioral change in selected .NET version,Active,Potential,1,Rest\Example.Api.Adapters.Rest.csproj,File,Rest\Connected Services\AuthenticationApi\AuthenticationApi.cs,1294,28,T:System.Net.Http.HttpContent,,,,,foreach (var item_ in response_.Content.Headers)                                  headers_[item_.Key] = item_.Value;
Api.0003,Behavioral change in selected .NET version,Active,Potential,1,Rest\Example.Api.Adapters.Rest.csproj,File,Rest\Connected Services\AuthenticationApi\AuthenticationApi.cs,1292,24,T:System.Net.Http.HttpContent,,,,,if (response_.Content != null && response_.Content.Headers != null)                          {                              foreach (var item_ in response_.Content.Headers)                                  headers_[item_.Key] = item_.Value;                          }
Api.0003,Behavioral change in selected .NET version,Active,Potential,1,Rest\Example.Api.Adapters.Rest.csproj,File,Rest\Connected Services\AuthenticationApi\AuthenticationApi.cs,1292,24,T:System.Net.Http.HttpContent,,,,,if (response_.Content != null && response_.Content.Headers != null)                          {                              foreach (var item_ in response_.Content.Headers)                                  headers_[item_.Key] = item_.Value;                          }
Api.0003,Behavioral change in selected .NET version,Active,Potential,1,Rest\Example.Api.Adapters.Rest.csproj,File,Rest\Connected Services\AuthenticationApi\AuthenticationApi.cs,1283,20,T:System.Uri,,,,,"request_.RequestUri = new System.Uri(url_, System.UriKind.RelativeOrAbsolute);"
Api.0003,Behavioral change in selected .NET version,Active,Potential,1,Rest\Example.Api.Adapters.Rest.csproj,File,Rest\Connected Services\AuthenticationApi\AuthenticationApi.cs,1283,20,"M:System.Uri.#ctor(System.String,System.UriKind)",,,,,"request_.RequestUri = new System.Uri(url_, System.UriKind.RelativeOrAbsolute);"
Api.0003,Behavioral change in selected .NET version,Active,Potential,1,Rest\Example.Api.Adapters.Rest.csproj,File,Rest\Connected Services\AuthenticationApi\AuthenticationApi.cs,1283,20,T:System.Uri,,,,,"request_.RequestUri = new System.Uri(url_, System.UriKind.RelativeOrAbsolute);"
Api.0003,Behavioral change in selected .NET version,Active,Potential,1,Rest\Example.Api.Adapters.Rest.csproj,File,Rest\Connected Services\AuthenticationApi\AuthenticationApi.cs,1270,12,T:System.Uri,,,,,"urlBuilder_.Replace(""{id}"", System.Uri.EscapeDataString(ConvertToString(id, System.Globalization.CultureInfo.InvariantCulture)));"
Api.0003,Behavioral change in selected .NET version,Active,Potential,1,Rest\Example.Api.Adapters.Rest.csproj,File,Rest\Connected Services\AuthenticationApi\AuthenticationApi.cs,1240,28,T:System.Net.Http.HttpContent,,,,,var responseData_ = response_.Content == null ? null : await response_.Content.ReadAsStringAsync().ConfigureAwait(false);
Api.0003,Behavioral change in selected .NET version,Active,Potential,1,Rest\Example.Api.Adapters.Rest.csproj,File,Rest\Connected Services\AuthenticationApi\AuthenticationApi.cs,1240,28,T:System.Net.Http.HttpContent,,,,,var responseData_ = response_.Content == null ? null : await response_.Content.ReadAsStringAsync().ConfigureAwait(false);
Api.0003,Behavioral change in selected .NET version,Active,Potential,1,Rest\Example.Api.Adapters.Rest.csproj,File,Rest\Connected Services\AuthenticationApi\AuthenticationApi.cs,1227,28,T:System.Net.Http.HttpContent,,,,,foreach (var item_ in response_.Content.Headers)                                  headers_[item_.Key] = item_.Value;
Api.0003,Behavioral change in selected .NET version,Active,Potential,1,Rest\Example.Api.Adapters.Rest.csproj,File,Rest\Connected Services\AuthenticationApi\AuthenticationApi.cs,1225,24,T:System.Net.Http.HttpContent,,,,,if (response_.Content != null && response_.Content.Headers != null)                          {                              foreach (var item_ in response_.Content.Headers)                                  headers_[item_.Key] = item_.Value;                          }
Api.0003,Behavioral change in selected .NET version,Active,Potential,1,Rest\Example.Api.Adapters.Rest.csproj,File,Rest\Connected Services\AuthenticationApi\AuthenticationApi.cs,1225,24,T:System.Net.Http.HttpContent,,,,,if (response_.Content != null && response_.Content.Headers != null)                          {                              foreach (var item_ in response_.Content.Headers)                                  headers_[item_.Key] = item_.Value;                          }
Api.0003,Behavioral change in selected .NET version,Active,Potential,1,Rest\Example.Api.Adapters.Rest.csproj,File,Rest\Connected Services\AuthenticationApi\AuthenticationApi.cs,1216,20,T:System.Uri,,,,,"request_.RequestUri = new System.Uri(url_, System.UriKind.RelativeOrAbsolute);"
Api.0003,Behavioral change in selected .NET version,Active,Potential,1,Rest\Example.Api.Adapters.Rest.csproj,File,Rest\Connected Services\AuthenticationApi\AuthenticationApi.cs,1216,20,"M:System.Uri.#ctor(System.String,System.UriKind)",,,,,"request_.RequestUri = new System.Uri(url_, System.UriKind.RelativeOrAbsolute);"
Api.0003,Behavioral change in selected .NET version,Active,Potential,1,Rest\Example.Api.Adapters.Rest.csproj,File,Rest\Connected Services\AuthenticationApi\AuthenticationApi.cs,1216,20,T:System.Uri,,,,,"request_.RequestUri = new System.Uri(url_, System.UriKind.RelativeOrAbsolute);"
Api.0003,Behavioral change in selected .NET version,Active,Potential,1,Rest\Example.Api.Adapters.Rest.csproj,File,Rest\Connected Services\AuthenticationApi\AuthenticationApi.cs,1210,20,T:System.Net.Http.HttpContent,,,,,request_.Content = content_;
Api.0003,Behavioral change in selected .NET version,Active,Potential,1,Rest\Example.Api.Adapters.Rest.csproj,File,Rest\Connected Services\AuthenticationApi\AuthenticationApi.cs,1199,12,T:System.Uri,,,,,"urlBuilder_.Replace(""{id}"", System.Uri.EscapeDataString(ConvertToString(id, System.Globalization.CultureInfo.InvariantCulture)));"
Api.0003,Behavioral change in selected .NET version,Active,Potential,1,Rest\Example.Api.Adapters.Rest.csproj,File,Rest\Connected Services\AuthenticationApi\AuthenticationApi.cs,1166,28,T:System.Net.Http.HttpContent,,,,,var responseData_ = response_.Content == null ? null : await response_.Content.ReadAsStringAsync().ConfigureAwait(false);
Api.0003,Behavioral change in selected .NET version,Active,Potential,1,Rest\Example.Api.Adapters.Rest.csproj,File,Rest\Connected Services\AuthenticationApi\AuthenticationApi.cs,1166,28,T:System.Net.Http.HttpContent,,,,,var responseData_ = response_.Content == null ? null : await response_.Content.ReadAsStringAsync().ConfigureAwait(false);
Api.0003,Behavioral change in selected .NET version,Active,Potential,1,Rest\Example.Api.Adapters.Rest.csproj,File,Rest\Connected Services\AuthenticationApi\AuthenticationApi.cs,1148,28,T:System.Net.Http.HttpContent,,,,,foreach (var item_ in response_.Content.Headers)                                  headers_[item_.Key] = item_.Value;
Api.0003,Behavioral change in selected .NET version,Active,Potential,1,Rest\Example.Api.Adapters.Rest.csproj,File,Rest\Connected Services\AuthenticationApi\AuthenticationApi.cs,1146,24,T:System.Net.Http.HttpContent,,,,,if (response_.Content != null && response_.Content.Headers != null)                          {                              foreach (var item_ in response_.Content.Headers)                                  headers_[item_.Key] = item_.Value;                          }
Api.0003,Behavioral change in selected .NET version,Active,Potential,1,Rest\Example.Api.Adapters.Rest.csproj,File,Rest\Connected Services\AuthenticationApi\AuthenticationApi.cs,1146,24,T:System.Net.Http.HttpContent,,,,,if (response_.Content != null && response_.Content.Headers != null)                          {                              foreach (var item_ in response_.Content.Headers)                                  headers_[item_.Key] = item_.Value;                          }
Api.0003,Behavioral change in selected .NET version,Active,Potential,1,Rest\Example.Api.Adapters.Rest.csproj,File,Rest\Connected Services\AuthenticationApi\AuthenticationApi.cs,1137,20,T:System.Uri,,,,,"request_.RequestUri = new System.Uri(url_, System.UriKind.RelativeOrAbsolute);"
Api.0003,Behavioral change in selected .NET version,Active,Potential,1,Rest\Example.Api.Adapters.Rest.csproj,File,Rest\Connected Services\AuthenticationApi\AuthenticationApi.cs,1137,20,"M:System.Uri.#ctor(System.String,System.UriKind)",,,,,"request_.RequestUri = new System.Uri(url_, System.UriKind.RelativeOrAbsolute);"
Api.0003,Behavioral change in selected .NET version,Active,Potential,1,Rest\Example.Api.Adapters.Rest.csproj,File,Rest\Connected Services\AuthenticationApi\AuthenticationApi.cs,1137,20,T:System.Uri,,,,,"request_.RequestUri = new System.Uri(url_, System.UriKind.RelativeOrAbsolute);"
Api.0003,Behavioral change in selected .NET version,Active,Potential,1,Rest\Example.Api.Adapters.Rest.csproj,File,Rest\Connected Services\AuthenticationApi\AuthenticationApi.cs,1123,12,T:System.Uri,,,,,"urlBuilder_.Replace(""{id}"", System.Uri.EscapeDataString(ConvertToString(id, System.Globalization.CultureInfo.InvariantCulture)));"
Api.0003,Behavioral change in selected .NET version,Active,Potential,1,Rest\Example.Api.Adapters.Rest.csproj,File,Rest\Connected Services\AuthenticationApi\AuthenticationApi.cs,979,20,T:System.Net.Http.HttpContent,,,,,"using (var responseStream = await response.Content.ReadAsStreamAsync().ConfigureAwait(false))                      using (var streamReader = new System.IO.StreamReader(responseStream))                      using (var jsonTextReader = new Newtonsoft.Json.JsonTextReader(streamReader))                      {                          var serializer = Newtonsoft.Json.JsonSerializer.Create(JsonSerializerSettings);                          var typedBody = serializer.Deserialize<T>(jsonTextReader);                          return new ObjectResponseResult<T>(typedBody!, string.Empty);                      }"
Api.0003,Behavioral change in selected .NET version,Active,Potential,1,Rest\Example.Api.Adapters.Rest.csproj,File,Rest\Connected Services\AuthenticationApi\AuthenticationApi.cs,979,20,M:System.Net.Http.HttpContent.ReadAsStreamAsync,,,,,"using (var responseStream = await response.Content.ReadAsStreamAsync().ConfigureAwait(false))                      using (var streamReader = new System.IO.StreamReader(responseStream))                      using (var jsonTextReader = new Newtonsoft.Json.JsonTextReader(streamReader))                      {                          var serializer = Newtonsoft.Json.JsonSerializer.Create(JsonSerializerSettings);                          var typedBody = serializer.Deserialize<T>(jsonTextReader);                          return new ObjectResponseResult<T>(typedBody!, string.Empty);                      }"
Api.0003,Behavioral change in selected .NET version,Active,Potential,1,Rest\Example.Api.Adapters.Rest.csproj,File,Rest\Connected Services\AuthenticationApi\AuthenticationApi.cs,963,16,T:System.Net.Http.HttpContent,,,,,var responseText = await response.Content.ReadAsStringAsync().ConfigureAwait(false);
Api.0003,Behavioral change in selected .NET version,Active,Potential,1,Rest\Example.Api.Adapters.Rest.csproj,File,Rest\Connected Services\AuthenticationApi\AuthenticationApi.cs,956,12,T:System.Net.Http.HttpContent,,,,,"if (response == null || response.Content == null)              {                  return new ObjectResponseResult<T>(default(T)!, string.Empty);              }"
Api.0003,Behavioral change in selected .NET version,Active,Potential,1,Rest\Example.Api.Adapters.Rest.csproj,File,Rest\Connected Services\AuthenticationApi\AuthenticationApi.cs,921,28,T:System.Net.Http.HttpContent,,,,,var responseData_ = response_.Content == null ? null : await response_.Content.ReadAsStringAsync().ConfigureAwait(false);
Api.0003,Behavioral change in selected .NET version,Active,Potential,1,Rest\Example.Api.Adapters.Rest.csproj,File,Rest\Connected Services\AuthenticationApi\AuthenticationApi.cs,921,28,T:System.Net.Http.HttpContent,,,,,var responseData_ = response_.Content == null ? null : await response_.Content.ReadAsStringAsync().ConfigureAwait(false);
Api.0003,Behavioral change in selected .NET version,Active,Potential,1,Rest\Example.Api.Adapters.Rest.csproj,File,Rest\Connected Services\AuthenticationApi\AuthenticationApi.cs,903,28,T:System.Net.Http.HttpContent,,,,,foreach (var item_ in response_.Content.Headers)                                  headers_[item_.Key] = item_.Value;
Api.0003,Behavioral change in selected .NET version,Active,Potential,1,Rest\Example.Api.Adapters.Rest.csproj,File,Rest\Connected Services\AuthenticationApi\AuthenticationApi.cs,901,24,T:System.Net.Http.HttpContent,,,,,if (response_.Content != null && response_.Content.Headers != null)                          {                              foreach (var item_ in response_.Content.Headers)                                  headers_[item_.Key] = item_.Value;                          }
Api.0003,Behavioral change in selected .NET version,Active,Potential,1,Rest\Example.Api.Adapters.Rest.csproj,File,Rest\Connected Services\AuthenticationApi\AuthenticationApi.cs,901,24,T:System.Net.Http.HttpContent,,,,,if (response_.Content != null && response_.Content.Headers != null)                          {                              foreach (var item_ in response_.Content.Headers)                                  headers_[item_.Key] = item_.Value;                          }
Api.0003,Behavioral change in selected .NET version,Active,Potential,1,Rest\Example.Api.Adapters.Rest.csproj,File,Rest\Connected Services\AuthenticationApi\AuthenticationApi.cs,892,20,T:System.Uri,,,,,"request_.RequestUri = new System.Uri(url_, System.UriKind.RelativeOrAbsolute);"
Api.0003,Behavioral change in selected .NET version,Active,Potential,1,Rest\Example.Api.Adapters.Rest.csproj,File,Rest\Connected Services\AuthenticationApi\AuthenticationApi.cs,892,20,"M:System.Uri.#ctor(System.String,System.UriKind)",,,,,"request_.RequestUri = new System.Uri(url_, System.UriKind.RelativeOrAbsolute);"
Api.0003,Behavioral change in selected .NET version,Active,Potential,1,Rest\Example.Api.Adapters.Rest.csproj,File,Rest\Connected Services\AuthenticationApi\AuthenticationApi.cs,892,20,T:System.Uri,,,,,"request_.RequestUri = new System.Uri(url_, System.UriKind.RelativeOrAbsolute);"
Api.0003,Behavioral change in selected .NET version,Active,Potential,1,Rest\Example.Api.Adapters.Rest.csproj,File,Rest\Connected Services\AuthenticationApi\AuthenticationApi.cs,885,20,T:System.Net.Http.HttpContent,,,,,"request_.Content = new System.Net.Http.StringContent(string.Empty, System.Text.Encoding.UTF8, ""application/json"");"
Api.0003,Behavioral change in selected .NET version,Active,Potential,1,Rest\Example.Api.Adapters.Rest.csproj,File,Rest\Connected Services\AuthenticationApi\AuthenticationApi.cs,850,28,T:System.Net.Http.HttpContent,,,,,var responseData_ = response_.Content == null ? null : await response_.Content.ReadAsStringAsync().ConfigureAwait(false);
Api.0003,Behavioral change in selected .NET version,Active,Potential,1,Rest\Example.Api.Adapters.Rest.csproj,File,Rest\Connected Services\AuthenticationApi\AuthenticationApi.cs,850,28,T:System.Net.Http.HttpContent,,,,,var responseData_ = response_.Content == null ? null : await response_.Content.ReadAsStringAsync().ConfigureAwait(false);
Api.0003,Behavioral change in selected .NET version,Active,Potential,1,Rest\Example.Api.Adapters.Rest.csproj,File,Rest\Connected Services\AuthenticationApi\AuthenticationApi.cs,832,28,T:System.Net.Http.HttpContent,,,,,foreach (var item_ in response_.Content.Headers)                                  headers_[item_.Key] = item_.Value;
Api.0003,Behavioral change in selected .NET version,Active,Potential,1,Rest\Example.Api.Adapters.Rest.csproj,File,Rest\Connected Services\AuthenticationApi\AuthenticationApi.cs,830,24,T:System.Net.Http.HttpContent,,,,,if (response_.Content != null && response_.Content.Headers != null)                          {                              foreach (var item_ in response_.Content.Headers)                                  headers_[item_.Key] = item_.Value;                          }
Api.0003,Behavioral change in selected .NET version,Active,Potential,1,Rest\Example.Api.Adapters.Rest.csproj,File,Rest\Connected Services\AuthenticationApi\AuthenticationApi.cs,830,24,T:System.Net.Http.HttpContent,,,,,if (response_.Content != null && response_.Content.Headers != null)                          {                              foreach (var item_ in response_.Content.Headers)                                  headers_[item_.Key] = item_.Value;                          }
Api.0003,Behavioral change in selected .NET version,Active,Potential,1,Rest\Example.Api.Adapters.Rest.csproj,File,Rest\Connected Services\AuthenticationApi\AuthenticationApi.cs,821,20,T:System.Uri,,,,,"request_.RequestUri = new System.Uri(url_, System.UriKind.RelativeOrAbsolute);"
Api.0003,Behavioral change in selected .NET version,Active,Potential,1,Rest\Example.Api.Adapters.Rest.csproj,File,Rest\Connected Services\AuthenticationApi\AuthenticationApi.cs,821,20,"M:System.Uri.#ctor(System.String,System.UriKind)",,,,,"request_.RequestUri = new System.Uri(url_, System.UriKind.RelativeOrAbsolute);"
Api.0003,Behavioral change in selected .NET version,Active,Potential,1,Rest\Example.Api.Adapters.Rest.csproj,File,Rest\Connected Services\AuthenticationApi\AuthenticationApi.cs,821,20,T:System.Uri,,,,,"request_.RequestUri = new System.Uri(url_, System.UriKind.RelativeOrAbsolute);"
Api.0003,Behavioral change in selected .NET version,Active,Potential,1,Rest\Example.Api.Adapters.Rest.csproj,File,Rest\Connected Services\AuthenticationApi\AuthenticationApi.cs,780,28,T:System.Net.Http.HttpContent,,,,,var responseData_ = response_.Content == null ? null : await response_.Content.ReadAsStringAsync().ConfigureAwait(false);
Api.0003,Behavioral change in selected .NET version,Active,Potential,1,Rest\Example.Api.Adapters.Rest.csproj,File,Rest\Connected Services\AuthenticationApi\AuthenticationApi.cs,780,28,T:System.Net.Http.HttpContent,,,,,var responseData_ = response_.Content == null ? null : await response_.Content.ReadAsStringAsync().ConfigureAwait(false);
Api.0003,Behavioral change in selected .NET version,Active,Potential,1,Rest\Example.Api.Adapters.Rest.csproj,File,Rest\Connected Services\AuthenticationApi\AuthenticationApi.cs,762,28,T:System.Net.Http.HttpContent,,,,,foreach (var item_ in response_.Content.Headers)                                  headers_[item_.Key] = item_.Value;
Api.0003,Behavioral change in selected .NET version,Active,Potential,1,Rest\Example.Api.Adapters.Rest.csproj,File,Rest\Connected Services\AuthenticationApi\AuthenticationApi.cs,760,24,T:System.Net.Http.HttpContent,,,,,if (response_.Content != null && response_.Content.Headers != null)                          {                              foreach (var item_ in response_.Content.Headers)                                  headers_[item_.Key] = item_.Value;                          }
Api.0003,Behavioral change in selected .NET version,Active,Potential,1,Rest\Example.Api.Adapters.Rest.csproj,File,Rest\Connected Services\AuthenticationApi\AuthenticationApi.cs,760,24,T:System.Net.Http.HttpContent,,,,,if (response_.Content != null && response_.Content.Headers != null)                          {                              foreach (var item_ in response_.Content.Headers)                                  headers_[item_.Key] = item_.Value;                          }
Api.0003,Behavioral change in selected .NET version,Active,Potential,1,Rest\Example.Api.Adapters.Rest.csproj,File,Rest\Connected Services\AuthenticationApi\AuthenticationApi.cs,751,20,T:System.Uri,,,,,"request_.RequestUri = new System.Uri(url_, System.UriKind.RelativeOrAbsolute);"
Api.0003,Behavioral change in selected .NET version,Active,Potential,1,Rest\Example.Api.Adapters.Rest.csproj,File,Rest\Connected Services\AuthenticationApi\AuthenticationApi.cs,751,20,"M:System.Uri.#ctor(System.String,System.UriKind)",,,,,"request_.RequestUri = new System.Uri(url_, System.UriKind.RelativeOrAbsolute);"
Api.0003,Behavioral change in selected .NET version,Active,Potential,1,Rest\Example.Api.Adapters.Rest.csproj,File,Rest\Connected Services\AuthenticationApi\AuthenticationApi.cs,751,20,T:System.Uri,,,,,"request_.RequestUri = new System.Uri(url_, System.UriKind.RelativeOrAbsolute);"
Api.0003,Behavioral change in selected .NET version,Active,Potential,1,Rest\Example.Api.Adapters.Rest.csproj,File,Rest\Connected Services\AuthenticationApi\AuthenticationApi.cs,608,20,T:System.Net.Http.HttpContent,,,,,"using (var responseStream = await response.Content.ReadAsStreamAsync().ConfigureAwait(false))                      using (var streamReader = new System.IO.StreamReader(responseStream))                      using (var jsonTextReader = new Newtonsoft.Json.JsonTextReader(streamReader))                      {                          var serializer = Newtonsoft.Json.JsonSerializer.Create(JsonSerializerSettings);                          var typedBody = serializer.Deserialize<T>(jsonTextReader);                          return new ObjectResponseResult<T>(typedBody!, string.Empty);                      }"
Api.0003,Behavioral change in selected .NET version,Active,Potential,1,Rest\Example.Api.Adapters.Rest.csproj,File,Rest\Connected Services\AuthenticationApi\AuthenticationApi.cs,608,20,M:System.Net.Http.HttpContent.ReadAsStreamAsync,,,,,"using (var responseStream = await response.Content.ReadAsStreamAsync().ConfigureAwait(false))                      using (var streamReader = new System.IO.StreamReader(responseStream))                      using (var jsonTextReader = new Newtonsoft.Json.JsonTextReader(streamReader))                      {                          var serializer = Newtonsoft.Json.JsonSerializer.Create(JsonSerializerSettings);                          var typedBody = serializer.Deserialize<T>(jsonTextReader);                          return new ObjectResponseResult<T>(typedBody!, string.Empty);                      }"
Api.0003,Behavioral change in selected .NET version,Active,Potential,1,Rest\Example.Api.Adapters.Rest.csproj,File,Rest\Connected Services\AuthenticationApi\AuthenticationApi.cs,592,16,T:System.Net.Http.HttpContent,,,,,var responseText = await response.Content.ReadAsStringAsync().ConfigureAwait(false);
Api.0003,Behavioral change in selected .NET version,Active,Potential,1,Rest\Example.Api.Adapters.Rest.csproj,File,Rest\Connected Services\AuthenticationApi\AuthenticationApi.cs,585,12,T:System.Net.Http.HttpContent,,,,,"if (response == null || response.Content == null)              {                  return new ObjectResponseResult<T>(default(T)!, string.Empty);              }"
Api.0003,Behavioral change in selected .NET version,Active,Potential,1,Rest\Example.Api.Adapters.Rest.csproj,File,Rest\Connected Services\AuthenticationApi\AuthenticationApi.cs,550,28,T:System.Net.Http.HttpContent,,,,,var responseData_ = response_.Content == null ? null : await response_.Content.ReadAsStringAsync().ConfigureAwait(false);
Api.0003,Behavioral change in selected .NET version,Active,Potential,1,Rest\Example.Api.Adapters.Rest.csproj,File,Rest\Connected Services\AuthenticationApi\AuthenticationApi.cs,550,28,T:System.Net.Http.HttpContent,,,,,var responseData_ = response_.Content == null ? null : await response_.Content.ReadAsStringAsync().ConfigureAwait(false);
Api.0003,Behavioral change in selected .NET version,Active,Potential,1,Rest\Example.Api.Adapters.Rest.csproj,File,Rest\Connected Services\AuthenticationApi\AuthenticationApi.cs,532,28,T:System.Net.Http.HttpContent,,,,,foreach (var item_ in response_.Content.Headers)                                  headers_[item_.Key] = item_.Value;
Api.0003,Behavioral change in selected .NET version,Active,Potential,1,Rest\Example.Api.Adapters.Rest.csproj,File,Rest\Connected Services\AuthenticationApi\AuthenticationApi.cs,530,24,T:System.Net.Http.HttpContent,,,,,if (response_.Content != null && response_.Content.Headers != null)                          {                              foreach (var item_ in response_.Content.Headers)                                  headers_[item_.Key] = item_.Value;                          }
Api.0003,Behavioral change in selected .NET version,Active,Potential,1,Rest\Example.Api.Adapters.Rest.csproj,File,Rest\Connected Services\AuthenticationApi\AuthenticationApi.cs,530,24,T:System.Net.Http.HttpContent,,,,,if (response_.Content != null && response_.Content.Headers != null)                          {                              foreach (var item_ in response_.Content.Headers)                                  headers_[item_.Key] = item_.Value;                          }
Api.0003,Behavioral change in selected .NET version,Active,Potential,1,Rest\Example.Api.Adapters.Rest.csproj,File,Rest\Connected Services\AuthenticationApi\AuthenticationApi.cs,521,20,T:System.Uri,,,,,"request_.RequestUri = new System.Uri(url_, System.UriKind.RelativeOrAbsolute);"
Api.0003,Behavioral change in selected .NET version,Active,Potential,1,Rest\Example.Api.Adapters.Rest.csproj,File,Rest\Connected Services\AuthenticationApi\AuthenticationApi.cs,521,20,"M:System.Uri.#ctor(System.String,System.UriKind)",,,,,"request_.RequestUri = new System.Uri(url_, System.UriKind.RelativeOrAbsolute);"
Api.0003,Behavioral change in selected .NET version,Active,Potential,1,Rest\Example.Api.Adapters.Rest.csproj,File,Rest\Connected Services\AuthenticationApi\AuthenticationApi.cs,521,20,T:System.Uri,,,,,"request_.RequestUri = new System.Uri(url_, System.UriKind.RelativeOrAbsolute);"
Api.0003,Behavioral change in selected .NET version,Active,Potential,1,Rest\Example.Api.Adapters.Rest.csproj,File,Rest\Connected Services\AuthenticationApi\AuthenticationApi.cs,514,20,T:System.Net.Http.HttpContent,,,,,"request_.Content = new System.Net.Http.StringContent(string.Empty, System.Text.Encoding.UTF8, ""application/json"");"
Api.0003,Behavioral change in selected .NET version,Active,Potential,1,Rest\Example.Api.Adapters.Rest.csproj,File,Rest\Connected Services\AuthenticationApi\AuthenticationApi.cs,506,12,T:System.Uri,,,,,"urlBuilder_.Replace(""{username}"", System.Uri.EscapeDataString(ConvertToString(username, System.Globalization.CultureInfo.InvariantCulture)));"
Api.0003,Behavioral change in selected .NET version,Active,Potential,1,Rest\Example.Api.Adapters.Rest.csproj,File,Rest\Connected Services\AuthenticationApi\AuthenticationApi.cs,475,28,T:System.Net.Http.HttpContent,,,,,var responseData_ = response_.Content == null ? null : await response_.Content.ReadAsStringAsync().ConfigureAwait(false);
Api.0003,Behavioral change in selected .NET version,Active,Potential,1,Rest\Example.Api.Adapters.Rest.csproj,File,Rest\Connected Services\AuthenticationApi\AuthenticationApi.cs,475,28,T:System.Net.Http.HttpContent,,,,,var responseData_ = response_.Content == null ? null : await response_.Content.ReadAsStringAsync().ConfigureAwait(false);
Api.0003,Behavioral change in selected .NET version,Active,Potential,1,Rest\Example.Api.Adapters.Rest.csproj,File,Rest\Connected Services\AuthenticationApi\AuthenticationApi.cs,457,28,T:System.Net.Http.HttpContent,,,,,foreach (var item_ in response_.Content.Headers)                                  headers_[item_.Key] = item_.Value;
Api.0003,Behavioral change in selected .NET version,Active,Potential,1,Rest\Example.Api.Adapters.Rest.csproj,File,Rest\Connected Services\AuthenticationApi\AuthenticationApi.cs,455,24,T:System.Net.Http.HttpContent,,,,,if (response_.Content != null && response_.Content.Headers != null)                          {                              foreach (var item_ in response_.Content.Headers)                                  headers_[item_.Key] = item_.Value;                          }
Api.0003,Behavioral change in selected .NET version,Active,Potential,1,Rest\Example.Api.Adapters.Rest.csproj,File,Rest\Connected Services\AuthenticationApi\AuthenticationApi.cs,455,24,T:System.Net.Http.HttpContent,,,,,if (response_.Content != null && response_.Content.Headers != null)                          {                              foreach (var item_ in response_.Content.Headers)                                  headers_[item_.Key] = item_.Value;                          }
Api.0003,Behavioral change in selected .NET version,Active,Potential,1,Rest\Example.Api.Adapters.Rest.csproj,File,Rest\Connected Services\AuthenticationApi\AuthenticationApi.cs,446,20,T:System.Uri,,,,,"request_.RequestUri = new System.Uri(url_, System.UriKind.RelativeOrAbsolute);"
Api.0003,Behavioral change in selected .NET version,Active,Potential,1,Rest\Example.Api.Adapters.Rest.csproj,File,Rest\Connected Services\AuthenticationApi\AuthenticationApi.cs,446,20,"M:System.Uri.#ctor(System.String,System.UriKind)",,,,,"request_.RequestUri = new System.Uri(url_, System.UriKind.RelativeOrAbsolute);"
Api.0003,Behavioral change in selected .NET version,Active,Potential,1,Rest\Example.Api.Adapters.Rest.csproj,File,Rest\Connected Services\AuthenticationApi\AuthenticationApi.cs,446,20,T:System.Uri,,,,,"request_.RequestUri = new System.Uri(url_, System.UriKind.RelativeOrAbsolute);"
Api.0003,Behavioral change in selected .NET version,Active,Potential,1,Rest\Example.Api.Adapters.Rest.csproj,File,Rest\Connected Services\AuthenticationApi\AuthenticationApi.cs,439,20,T:System.Net.Http.HttpContent,,,,,request_.Content = content_;
Api.0003,Behavioral change in selected .NET version,Active,Potential,1,Rest\Example.Api.Adapters.Rest.csproj,File,Rest\Connected Services\AuthenticationApi\AuthenticationApi.cs,428,12,T:System.Uri,,,,,"urlBuilder_.Replace(""{username}"", System.Uri.EscapeDataString(ConvertToString(username, System.Globalization.CultureInfo.InvariantCulture)));"
Api.0003,Behavioral change in selected .NET version,Active,Potential,1,Rest\Example.Api.Adapters.Rest.csproj,File,Rest\Connected Services\AuthenticationApi\AuthenticationApi.cs,394,28,T:System.Net.Http.HttpContent,,,,,var responseData_ = response_.Content == null ? null : await response_.Content.ReadAsStringAsync().ConfigureAwait(false);
Api.0003,Behavioral change in selected .NET version,Active,Potential,1,Rest\Example.Api.Adapters.Rest.csproj,File,Rest\Connected Services\AuthenticationApi\AuthenticationApi.cs,394,28,T:System.Net.Http.HttpContent,,,,,var responseData_ = response_.Content == null ? null : await response_.Content.ReadAsStringAsync().ConfigureAwait(false);
Api.0003,Behavioral change in selected .NET version,Active,Potential,1,Rest\Example.Api.Adapters.Rest.csproj,File,Rest\Connected Services\AuthenticationApi\AuthenticationApi.cs,376,28,T:System.Net.Http.HttpContent,,,,,foreach (var item_ in response_.Content.Headers)                                  headers_[item_.Key] = item_.Value;
Api.0003,Behavioral change in selected .NET version,Active,Potential,1,Rest\Example.Api.Adapters.Rest.csproj,File,Rest\Connected Services\AuthenticationApi\AuthenticationApi.cs,374,24,T:System.Net.Http.HttpContent,,,,,if (response_.Content != null && response_.Content.Headers != null)                          {                              foreach (var item_ in response_.Content.Headers)                                  headers_[item_.Key] = item_.Value;                          }
Api.0003,Behavioral change in selected .NET version,Active,Potential,1,Rest\Example.Api.Adapters.Rest.csproj,File,Rest\Connected Services\AuthenticationApi\AuthenticationApi.cs,374,24,T:System.Net.Http.HttpContent,,,,,if (response_.Content != null && response_.Content.Headers != null)                          {                              foreach (var item_ in response_.Content.Headers)                                  headers_[item_.Key] = item_.Value;                          }
Api.0003,Behavioral change in selected .NET version,Active,Potential,1,Rest\Example.Api.Adapters.Rest.csproj,File,Rest\Connected Services\AuthenticationApi\AuthenticationApi.cs,365,20,T:System.Uri,,,,,"request_.RequestUri = new System.Uri(url_, System.UriKind.RelativeOrAbsolute);"
Api.0003,Behavioral change in selected .NET version,Active,Potential,1,Rest\Example.Api.Adapters.Rest.csproj,File,Rest\Connected Services\AuthenticationApi\AuthenticationApi.cs,365,20,"M:System.Uri.#ctor(System.String,System.UriKind)",,,,,"request_.RequestUri = new System.Uri(url_, System.UriKind.RelativeOrAbsolute);"
Api.0003,Behavioral change in selected .NET version,Active,Potential,1,Rest\Example.Api.Adapters.Rest.csproj,File,Rest\Connected Services\AuthenticationApi\AuthenticationApi.cs,365,20,T:System.Uri,,,,,"request_.RequestUri = new System.Uri(url_, System.UriKind.RelativeOrAbsolute);"
Api.0003,Behavioral change in selected .NET version,Active,Potential,1,Rest\Example.Api.Adapters.Rest.csproj,File,Rest\Connected Services\AuthenticationApi\AuthenticationApi.cs,358,20,T:System.Net.Http.HttpContent,,,,,"request_.Content = new System.Net.Http.StringContent(string.Empty, System.Text.Encoding.UTF8, ""application/json"");"
Api.0003,Behavioral change in selected .NET version,Active,Potential,1,Rest\Example.Api.Adapters.Rest.csproj,File,Rest\Connected Services\AuthenticationApi\AuthenticationApi.cs,350,12,T:System.Uri,,,,,"urlBuilder_.Replace(""{username}"", System.Uri.EscapeDataString(ConvertToString(username, System.Globalization.CultureInfo.InvariantCulture)));"
Api.0003,Behavioral change in selected .NET version,Active,Potential,1,Rest\Example.Api.Adapters.Rest.csproj,File,Rest\Connected Services\AuthenticationApi\AuthenticationApi.cs,319,28,T:System.Net.Http.HttpContent,,,,,var responseData_ = response_.Content == null ? null : await response_.Content.ReadAsStringAsync().ConfigureAwait(false);
Api.0003,Behavioral change in selected .NET version,Active,Potential,1,Rest\Example.Api.Adapters.Rest.csproj,File,Rest\Connected Services\AuthenticationApi\AuthenticationApi.cs,319,28,T:System.Net.Http.HttpContent,,,,,var responseData_ = response_.Content == null ? null : await response_.Content.ReadAsStringAsync().ConfigureAwait(false);
Api.0003,Behavioral change in selected .NET version,Active,Potential,1,Rest\Example.Api.Adapters.Rest.csproj,File,Rest\Connected Services\AuthenticationApi\AuthenticationApi.cs,301,28,T:System.Net.Http.HttpContent,,,,,foreach (var item_ in response_.Content.Headers)                                  headers_[item_.Key] = item_.Value;
Api.0003,Behavioral change in selected .NET version,Active,Potential,1,Rest\Example.Api.Adapters.Rest.csproj,File,Rest\Connected Services\AuthenticationApi\AuthenticationApi.cs,299,24,T:System.Net.Http.HttpContent,,,,,if (response_.Content != null && response_.Content.Headers != null)                          {                              foreach (var item_ in response_.Content.Headers)                                  headers_[item_.Key] = item_.Value;                          }
Api.0003,Behavioral change in selected .NET version,Active,Potential,1,Rest\Example.Api.Adapters.Rest.csproj,File,Rest\Connected Services\AuthenticationApi\AuthenticationApi.cs,299,24,T:System.Net.Http.HttpContent,,,,,if (response_.Content != null && response_.Content.Headers != null)                          {                              foreach (var item_ in response_.Content.Headers)                                  headers_[item_.Key] = item_.Value;                          }
Api.0003,Behavioral change in selected .NET version,Active,Potential,1,Rest\Example.Api.Adapters.Rest.csproj,File,Rest\Connected Services\AuthenticationApi\AuthenticationApi.cs,290,20,T:System.Uri,,,,,"request_.RequestUri = new System.Uri(url_, System.UriKind.RelativeOrAbsolute);"
Api.0003,Behavioral change in selected .NET version,Active,Potential,1,Rest\Example.Api.Adapters.Rest.csproj,File,Rest\Connected Services\AuthenticationApi\AuthenticationApi.cs,290,20,"M:System.Uri.#ctor(System.String,System.UriKind)",,,,,"request_.RequestUri = new System.Uri(url_, System.UriKind.RelativeOrAbsolute);"
Api.0003,Behavioral change in selected .NET version,Active,Potential,1,Rest\Example.Api.Adapters.Rest.csproj,File,Rest\Connected Services\AuthenticationApi\AuthenticationApi.cs,290,20,T:System.Uri,,,,,"request_.RequestUri = new System.Uri(url_, System.UriKind.RelativeOrAbsolute);"
Api.0003,Behavioral change in selected .NET version,Active,Potential,1,Rest\Example.Api.Adapters.Rest.csproj,File,Rest\Connected Services\AuthenticationApi\AuthenticationApi.cs,283,20,T:System.Net.Http.HttpContent,,,,,"request_.Content = new System.Net.Http.StringContent(string.Empty, System.Text.Encoding.UTF8, ""application/json"");"
Api.0003,Behavioral change in selected .NET version,Active,Potential,1,Rest\Example.Api.Adapters.Rest.csproj,File,Rest\Connected Services\AuthenticationApi\AuthenticationApi.cs,275,12,T:System.Uri,,,,,"urlBuilder_.Replace(""{username}"", System.Uri.EscapeDataString(ConvertToString(username, System.Globalization.CultureInfo.InvariantCulture)));"
Api.0003,Behavioral change in selected .NET version,Active,Potential,1,Rest\Example.Api.Adapters.Rest.csproj,File,Rest\Connected Services\AuthenticationApi\AuthenticationApi.cs,244,28,T:System.Net.Http.HttpContent,,,,,var responseData_ = response_.Content == null ? null : await response_.Content.ReadAsStringAsync().ConfigureAwait(false);
Api.0003,Behavioral change in selected .NET version,Active,Potential,1,Rest\Example.Api.Adapters.Rest.csproj,File,Rest\Connected Services\AuthenticationApi\AuthenticationApi.cs,244,28,T:System.Net.Http.HttpContent,,,,,var responseData_ = response_.Content == null ? null : await response_.Content.ReadAsStringAsync().ConfigureAwait(false);
Api.0003,Behavioral change in selected .NET version,Active,Potential,1,Rest\Example.Api.Adapters.Rest.csproj,File,Rest\Connected Services\AuthenticationApi\AuthenticationApi.cs,231,28,T:System.Net.Http.HttpContent,,,,,foreach (var item_ in response_.Content.Headers)                                  headers_[item_.Key] = item_.Value;
Api.0003,Behavioral change in selected .NET version,Active,Potential,1,Rest\Example.Api.Adapters.Rest.csproj,File,Rest\Connected Services\AuthenticationApi\AuthenticationApi.cs,229,24,T:System.Net.Http.HttpContent,,,,,if (response_.Content != null && response_.Content.Headers != null)                          {                              foreach (var item_ in response_.Content.Headers)                                  headers_[item_.Key] = item_.Value;                          }
Api.0003,Behavioral change in selected .NET version,Active,Potential,1,Rest\Example.Api.Adapters.Rest.csproj,File,Rest\Connected Services\AuthenticationApi\AuthenticationApi.cs,229,24,T:System.Net.Http.HttpContent,,,,,if (response_.Content != null && response_.Content.Headers != null)                          {                              foreach (var item_ in response_.Content.Headers)                                  headers_[item_.Key] = item_.Value;                          }
Api.0003,Behavioral change in selected .NET version,Active,Potential,1,Rest\Example.Api.Adapters.Rest.csproj,File,Rest\Connected Services\AuthenticationApi\AuthenticationApi.cs,220,20,T:System.Uri,,,,,"request_.RequestUri = new System.Uri(url_, System.UriKind.RelativeOrAbsolute);"
Api.0003,Behavioral change in selected .NET version,Active,Potential,1,Rest\Example.Api.Adapters.Rest.csproj,File,Rest\Connected Services\AuthenticationApi\AuthenticationApi.cs,220,20,"M:System.Uri.#ctor(System.String,System.UriKind)",,,,,"request_.RequestUri = new System.Uri(url_, System.UriKind.RelativeOrAbsolute);"
Api.0003,Behavioral change in selected .NET version,Active,Potential,1,Rest\Example.Api.Adapters.Rest.csproj,File,Rest\Connected Services\AuthenticationApi\AuthenticationApi.cs,220,20,T:System.Uri,,,,,"request_.RequestUri = new System.Uri(url_, System.UriKind.RelativeOrAbsolute);"
Api.0003,Behavioral change in selected .NET version,Active,Potential,1,Rest\Example.Api.Adapters.Rest.csproj,File,Rest\Connected Services\AuthenticationApi\AuthenticationApi.cs,214,20,T:System.Net.Http.HttpContent,,,,,request_.Content = content_;
Api.0003,Behavioral change in selected .NET version,Active,Potential,1,Rest\Example.Api.Adapters.Rest.csproj,File,Rest\Connected Services\AuthenticationApi\AuthenticationApi.cs,203,12,T:System.Uri,,,,,"urlBuilder_.Replace(""{username}"", System.Uri.EscapeDataString(ConvertToString(username, System.Globalization.CultureInfo.InvariantCulture)));"
Api.0003,Behavioral change in selected .NET version,Active,Potential,1,Rest\Example.Api.Adapters.Rest.csproj,File,Rest\Connected Services\AuthenticationApi\AuthenticationApi.cs,168,28,T:System.Net.Http.HttpContent,,,,,var responseData_ = response_.Content == null ? null : await response_.Content.ReadAsStringAsync().ConfigureAwait(false);
Api.0003,Behavioral change in selected .NET version,Active,Potential,1,Rest\Example.Api.Adapters.Rest.csproj,File,Rest\Connected Services\AuthenticationApi\AuthenticationApi.cs,168,28,T:System.Net.Http.HttpContent,,,,,var responseData_ = response_.Content == null ? null : await response_.Content.ReadAsStringAsync().ConfigureAwait(false);
Api.0003,Behavioral change in selected .NET version,Active,Potential,1,Rest\Example.Api.Adapters.Rest.csproj,File,Rest\Connected Services\AuthenticationApi\AuthenticationApi.cs,150,28,T:System.Net.Http.HttpContent,,,,,foreach (var item_ in response_.Content.Headers)                                  headers_[item_.Key] = item_.Value;
Api.0003,Behavioral change in selected .NET version,Active,Potential,1,Rest\Example.Api.Adapters.Rest.csproj,File,Rest\Connected Services\AuthenticationApi\AuthenticationApi.cs,148,24,T:System.Net.Http.HttpContent,,,,,if (response_.Content != null && response_.Content.Headers != null)                          {                              foreach (var item_ in response_.Content.Headers)                                  headers_[item_.Key] = item_.Value;                          }
Api.0003,Behavioral change in selected .NET version,Active,Potential,1,Rest\Example.Api.Adapters.Rest.csproj,File,Rest\Connected Services\AuthenticationApi\AuthenticationApi.cs,148,24,T:System.Net.Http.HttpContent,,,,,if (response_.Content != null && response_.Content.Headers != null)                          {                              foreach (var item_ in response_.Content.Headers)                                  headers_[item_.Key] = item_.Value;                          }
Api.0003,Behavioral change in selected .NET version,Active,Potential,1,Rest\Example.Api.Adapters.Rest.csproj,File,Rest\Connected Services\AuthenticationApi\AuthenticationApi.cs,139,20,T:System.Uri,,,,,"request_.RequestUri = new System.Uri(url_, System.UriKind.RelativeOrAbsolute);"
Api.0003,Behavioral change in selected .NET version,Active,Potential,1,Rest\Example.Api.Adapters.Rest.csproj,File,Rest\Connected Services\AuthenticationApi\AuthenticationApi.cs,139,20,"M:System.Uri.#ctor(System.String,System.UriKind)",,,,,"request_.RequestUri = new System.Uri(url_, System.UriKind.RelativeOrAbsolute);"
Api.0003,Behavioral change in selected .NET version,Active,Potential,1,Rest\Example.Api.Adapters.Rest.csproj,File,Rest\Connected Services\AuthenticationApi\AuthenticationApi.cs,139,20,T:System.Uri,,,,,"request_.RequestUri = new System.Uri(url_, System.UriKind.RelativeOrAbsolute);"
Api.0003,Behavioral change in selected .NET version,Active,Potential,1,Rest\Example.Api.Adapters.Rest.csproj,File,Rest\Connected Services\AuthenticationApi\AuthenticationApi.cs,132,20,T:System.Net.Http.HttpContent,,,,,request_.Content = content_;
Api.0003,Behavioral change in selected .NET version,Active,Potential,1,Rest\Example.Api.Adapters.Rest.csproj,File,Rest\Connected Services\AuthenticationApi\AuthenticationApi.cs,121,12,T:System.Uri,,,,,"urlBuilder_.Replace(""{username}"", System.Uri.EscapeDataString(ConvertToString(username, System.Globalization.CultureInfo.InvariantCulture)));"
NuGet.0002,NuGet package upgrade is recommended,Active,Potential,1,Core\Example.Api.Core.csproj,File,Core\Example.Api.Core.csproj,,,Microsoft.Extensions.Logging.Configuration 8.0.0,,,,,"Microsoft.Extensions.Logging.Configuration, 8.0.0  Recommendation:  Remove Microsoft.Extensions.Logging.Configuration, and replace with new package Microsoft.Extensions.Logging.Configuration 10.0.3"
NuGet.0002,NuGet package upgrade is recommended,Active,Potential,1,Core\Example.Api.Core.csproj,File,Core\Example.Api.Core.csproj,,,System.Runtime.Caching 8.0.0,,,,,"System.Runtime.Caching, 8.0.0  Recommendation:  Remove System.Runtime.Caching, and replace with new package System.Runtime.Caching 10.0.3"
NuGet.0006,NuGet package source mappings are recommended,Active,Information,1,Core\Example.Api.Core.csproj,File,NuGet.config,,,,,,,,Found 1 files matching the rule:    NuGet.config  
Project.0002,Project's target framework(s) needs to be changed,Active,Mandatory,1,Core\Example.Api.Core.csproj,File,Core\Example.Api.Core.csproj,,,,,,,,Current target framework: net9.0 Recommended target framework: net10.0
Api.0001,Binary incompatible for selected .NET version,Active,Mandatory,1,Core\Example.Api.Core.csproj,File,Core\Services\AuthenticationService.cs,18,1,T:System.IdentityModel.Tokens.Jwt.JwtSecurityToken,,,,,"public bool ValidateJwt(string? token, out JwtSecurityToken? validatedToken)"
Api.0001,Binary incompatible for selected .NET version,Active,Mandatory,1,Core\Example.Api.Core.csproj,File,Core\Injections\CoreModule.cs,12,2,T:Microsoft.Extensions.DependencyInjection.ServiceCollectionExtensions,,,,,"services.Scan(scan => scan  			.FromAssemblyOf<CoreModule>()  			.AddClasses(classes => classes.InNamespaces(baseNamespace + "".Services""))  			.AsImplementedInterfaces()  			.WithSingletonLifetime()  		);"
NuGet.0002,NuGet package upgrade is recommended,Active,Potential,1,Web\Example.Api.Web.csproj,File,Web\Example.Api.Web.csproj,,,Microsoft.AspNetCore.Mvc.NewtonsoftJson 8.0.6,,,,,"Microsoft.AspNetCore.Mvc.NewtonsoftJson, 8.0.6  Recommendation:  Remove Microsoft.AspNetCore.Mvc.NewtonsoftJson, and replace with new package Microsoft.AspNetCore.Mvc.NewtonsoftJson 10.0.3"
NuGet.0002,NuGet package upgrade is recommended,Active,Potential,1,Web\Example.Api.Web.csproj,File,Web\Example.Api.Web.csproj,,,Microsoft.Extensions.Configuration.Binder 8.0.1,,,,,"Microsoft.Extensions.Configuration.Binder, 8.0.1  Recommendation:  Remove Microsoft.Extensions.Configuration.Binder, and replace with new package Microsoft.Extensions.Configuration.Binder 10.0.3"
NuGet.0006,NuGet package source mappings are recommended,Active,Information,1,Web\Example.Api.Web.csproj,File,NuGet.config,,,,,,,,Found 1 files matching the rule:    NuGet.config  
Project.0002,Project's target framework(s) needs to be changed,Active,Mandatory,1,Web\Example.Api.Web.csproj,File,Web\Example.Api.Web.csproj,,,,,,,,Current target framework: net9.0 Recommended target framework: net10.0
Api.0001,Binary incompatible for selected .NET version,Active,Mandatory,1,Web\Example.Api.Web.csproj,File,Web\Technical\Filters\AuthorizeAttribute.cs,68,2,T:System.IdentityModel.Tokens.Jwt.JwtPayload,,,,,"var userStr = token!.Payload[""data""].ToString()!;"
Api.0001,Binary incompatible for selected .NET version,Active,Mandatory,1,Web\Example.Api.Web.csproj,File,Web\Technical\Filters\AuthorizeAttribute.cs,68,2,P:System.IdentityModel.Tokens.Jwt.JwtSecurityToken.Payload,,,,,"var userStr = token!.Payload[""data""].ToString()!;"
